payload_source,payload_label,method_id,payload_hex,payload_len
llm_example,open_all,14,01010101,4
llm_example,close_all_reset_equivalent,14,02020202,4
llm_example,nothing,14,00000000,4
llm_example,open_front_left,14,01000000,4
llm_example,open_front_right_and_rear_left,14,00010100,4
llm_example,open_front_pair,14,01010000,4
llm_example,open_rear_pair,14,00000101,4
llm_example,mixed_open_close_1,14,01020102,4
llm_example,mixed_open_close_2,14,02010102,4
llm_example,long_one_extra_zero,14,0101010100,5
llm_example,long_prefix_zero,14,00000001010101,7
llm_example,long_padding_ff,14,01010101ffffffff,8
